NSD Group Sort,Sub Sort,Tool Number,NSD Group,SPRUT Tool Type,Org Description,Comments (Non center Cut Etc) ,Holder Type,# Flutes,Tool Material,Coating,(D) - Cutting Dia,Fract. D,(DS) Shank Dia,(D1) Other/End Dia,(WL)  - Working Length,Fract. WL, Tool OAL,(SO) Stickout,(H) Shape Height,(A) Angle,(R) Tip Radius,(RC) Other Radius
1,1,1,Measure/special,N/A,TTC Collet Protector / Blank Tool,,None,,,,,0      ,,,,0      ,,0.,,,,
1,2,2,Measure/special,N/A,Haimer 3D Taster,,None,,,,,0      ,,,,0      ,,0.,,,,
1,,4,Measure/special,N/A,Future,,None,,,,,0      ,,,,0      ,,0.,,,,
2,,10,Carbide Endmill,Cylindrical mill,1/32 x 3/32 4 Flt Carb End Mill,,ER16,4,Carbide,Uncoated,0.03125,  1/32,0.125,,0.0938,  3/32,1.5,0.5,,0,0,0
2,,11,Carbide Endmill,Cylindrical mill,1/16 x 3/16 4 Flt Carb End Mill,Broken! Profile only,ER16,4,Carbide,Uncoated,0.0625,  1/16,0.125,,0.1875,  3/16,1.,0.5,,0,0,0
2,,12,Carbide Endmill,Cylindrical mill,3/32 x 3/8 4 Flt Carb End Mill,,ER16,4,Carbide,Uncoated,0.09375,  3/32,0.125,,0.375,  3/8 ,1.5,0.5,,0,0,0
2,,13,Carbide Endmill,Torus Mill,1/8 x 3/8  4 Flt Carb End Mill (For SS Pocketing),Lakeshore 18MTMX See SS Notes ,ER16,4,Carbide,AlTiN,0.125,  1/8 ,0.125,,0.375,  3/8 ,1.5,0.5,,,0.0075,0.0075
2,,14,Carbide Endmill,Torus Mill,1/8 x 3/8  5 Flt Carb End Mill (For SS Profiling),Lakeshore 18MTMX5 See SS Notes ,ER16,5,Carbide,AlTiN,0.125,  1/8 ,0.125,,0.375,  3/8 ,1.5,0.5,,,0.0075,0.0075
2,,15,Carbide Endmill,Cylindrical mill,1/8 x 1/2 4 Flt Carb End Mill,,ER16,4,Carbide,Uncoated,0.125,  1/8 ,0.125,,0.5,  1/2 ,1.5,0.625,,0,0,0
2,,16,Carbide Endmill,Cylindrical Mill,1/8 x 1/2 4 Flt Carb End Mill,Utility,ER16,4,Carbide,Uncoated,0.125,  1/8 ,0.125,,0.5,  1/2 ,1.5,0.625,,,,
2,,17,Carbide Endmill,Torus Mill,5/32 x 7/16  4 Flt Carb End Mill (For SS Pocketing),Lakeshore 532MTMX See SS Notes ,ER16,4,Carbide,AlTiN,0.15625,  5/32,0.1875,,0.4375,  7/16,2.,0.5938,,,0.0125,0.0125
2,,18,Carbide Endmill,Torus Mill,3/16 x 7/16  4 Flt Carb End Mill (For SS Pocketing),Lakeshore 316MTMX See SS Notes ,ER16,4,Carbide,AlTiN,0.1875,  3/16,0.1875,,0.4375,  7/16,2.,0.625,,,0.0125,0.0125
2,,19,Carbide Endmill,Torus Mill,3/16 x 7/16 5 Flt Carb End Mill (For SS Profiling),Lakeshore 316MTMX5 See SS Notes ,ER16,5,Carbide,AlTiN,0.1875,  3/16,0.1875,,0.4375,  7/16,2.,0.625,,,0.0125,0.0125
2,,20,Carbide Endmill,Cylindrical Mill,3/16 x 5/8 4 Flt Carb End Mill,Utility,ER16,4,Carbide,Uncoated,0.1875,  3/16,0.1875,,0.625,  5/8 ,2.,0.8125,,,,
2,,21,Carbide Endmill,Cylindrical mill,13/64 x 5/8 4 Flt Carb End Mill,,ER16,4,Carbide,Uncoated,0.203125, 13/64,0.25,,0.625,  5/8 ,2.5,0.8281,,0,0,0
2,,22,Carbide Endmill,Torus Mill,1/4 x 5/8  5 Flt Carb End Mill (For SS Profiling),Lakeshore 14MTMX5 See SS Notes ,ER16,5,Carbide,AlTiN,0.25,  1/4 ,0.25,,0.625,  5/8 ,2.5,0.875,,,0.0175,0.0175
2,,23,Carbide Endmill,Cylindrical mill,1/4 x 3/4 3 Flt Carb End Mill (For AL),,ER16,3,Carbide,TiAlN,0.25,  1/4 ,0.25,,0.75,  3/4 ,2.5,1.,,0,0,0
2,,24,Carbide Endmill,Cylindrical mill,1/4 x 3/4 4 Flt Carb End Mill,Utility,ER16,4,Carbide,Uncoated,0.25,  1/4 ,0.25,,0.75,  3/4 ,2.5,1.,,,,
2,,25,Carbide Endmill,Torus Mill,1/4 x 1 3 Flt Carb End Mill (For AL),Lakeshore 360014X-1LOC,ER16,3,Carbide,ZrN,0.25,  1/4 ,0.25,,1.,1      ,2.5,1.25,,0,0.004,0.004
2,,26,Carbide Endmill,Cylindrical mill,5/16 x 3/4 4 Flt Carb End Mill,Utility,ER32,4,Carbide,Uncoated,0.3125,  5/16,0.3125,,0.75,  3/4 ,2.5,1.0625,,,,
2,,27,Carbide Endmill,Torus Mill,5/16 x 3/4  5 Flt Carb End Mill (For SS Profiling),Lakeshore 516MTMX5 See SS Notes ,ER32,5,Carbide,AlTiN,0.3125,  5/16,0.3125,,0.75,  3/4 ,2.5,1.0625,,0,0.0175,0.0175
2,,28,Carbide Endmill,Torus Mill,5/16 x 3/4  4 Flt Carb End Mill (For SS Pocketing) End Chipped,Lakeshore 516MTMX See SS Notes ,ER32,4,Carbide,AlTiN,0.3125,  5/16,0.3125,,0.75,  3/4 ,2.5,1.0625,,,0.0175,0.0175
2,,29,Carbide Endmill,Torus Mill,5/16 x 3/4  4 Flt Carb End Mill (For SS Pocketing),Lakeshore 516MTMX See SS Notes ,ER32,4,Carbide,AlTiN,0.3125,  5/16,0.3125,,0.75,  3/4 ,2.5,1.0625,,,0.0175,0.0175
2,,30,Carbide Endmill,Cylindrical mill,5/16 x 13/16 2 Flt Carb End Mill (For AL),"Mostly Shot, Thin Profile",ER32,2,Carbide,Uncoated,0.3125,  5/16,0.3125,,0.8125, 13/16,2.5,1.125,,0,0,0
2,,31,Carbide Endmill,Cylindrical mill,5/16 x 13/16  3 Flt Carb End Mill (For AL),,ER32,3,Carbide,TiAlN,0.3125,  5/16,0.3125,,0.8125, 13/16,2.5,1.125,,0,0,0
2,,32,Carbide Endmill,Cylindrical Mill,5/16 x 7/8 2 Flt Carb End Mill (For AL),,ER32,2,Carbide,Uncoated,0.3125,  5/16,0.3125,,0.875,  7/8 ,2.5,1.1875,,,,
2,,33,Carbide Endmill,Torus Mill,3/8 x 7/8 5 Flt Carb End Mill (For SS Profiling),Lakeshore 38MTMX5 See SS Notes ,ER32,5,Carbide,AlTiN,0.375,  3/8 ,0.375,,0.875,  7/8 ,2.5,1.25,,,0.0175,0.0175
2,,34,Carbide Endmill,Cylindrical mill,3/8 x 15/16 2 Flt Carb End Mill VERY SMALL CORNER CHIP,,ER32,2,Carbide,Uncoated,0.375,  3/8 ,0.375,,0.9375, 15/16,2.5,1.3125,,0,0,0
2,,35,Carbide Endmill,Cylindrical mill,3/8 x 1  3 Flt Carb End Mill (For AL),,ER32,3,Carbide,TiAlN,0.375,  3/8 ,0.375,,1.,1      ,2.5,1.375,,0,0,0
2,,36,Carbide Endmill,Cylindrical Mill,3/8 x 1 4 Flt Carb End Mill,Utility,ER32,4,Carbide,Uncoated,0.375,  3/8 ,0.375,,1.,1      ,2.5,1.375,,,,
2,,37,Carbide Endmill,Cylindrical mill,3/8 x 1-3/16 4 Flt Carb End Mill MOSTLY BLOWN,,ER32,4,Carbide,Uncoated,0.375,  3/8 ,0.375,,1.1875,1  3/16,3.,1.5625,,0,0,0
2,,38,Carbide Endmill,Cylindrical Mill,7/16 x 1 4 Flt Carb End Mill,Utility,ER32,4,Carbide,Uncoated,0.4375,  7/16,0.4375,,1.,1      ,2.75,1.4375,,,,
2,,39,Carbide Endmill,Cylindrical mill,1/2 x 1 4 Flt Carb End Mill,,ER32,4,Carbide,Uncoated,0.5,  1/2 ,0.5,,1.,1      ,3.,1.5,,0,0,0
2,,40,Carbide Endmill,Cylindrical Mill,1/2 x 1 4 Flt Carb End Mill,Utility,ER32,4,Carbide,Uncoated,0.5,  1/2 ,0.5,,1.,1      ,3.,1.5,,,,
2,,41,Carbide Endmill,Torus Mill,1/2 x 1-1/4 3 Flt Carb End Mill (for AL),Lakeshore 360012X,ER32,3,Carbide,ZrN,0.5,  1/2 ,0.5,,1.25,1  1/4 ,3.,1.75,,,0.006,0.006
2,,42,Carbide Endmill,N/A,Future,,ER32,,,,,0      ,,,,0      ,,0.,,,,
3,,60,HSS Endmill,Cylindrical mill,3/16 x 1/2 2 Flt HSS End Mill,China,ER32,2,HSS,TiN,0.1875,  3/16,0.375,,0.5,  1/2 ,2.29,0.6875,,0,0,0
3,,61,HSS Endmill,Cylindrical mill,3/16 x 9/16 4 Flt HSS End Mill,China,ER32,4,HSS,TiN,0.1875,  3/16,0.375,,0.5625,  9/16,2.375,0.75,,0,0,0
3,,62,HSS Endmill,Cylindrical mill,1/4 x 1/2 2 Flt HSS End Mill,China,ER32,2,HSS,TiN,0.25,  1/4 ,0.375,,0.5,  1/2 ,2.3,0.75,,0,0,0
3,,63,HSS Endmill,Cylindrical mill,1/4 x 9/16 4 Flt HSS End Mill,China,ER32,4,HSS,TiN,0.25,  1/4 ,0.375,,0.5625,  9/16,2.4375,0.8125,,0,0,0
3,,64,HSS Endmill,Cylindrical mill,5/16 x 9/16 2 Flt HSS End Mill,China,ER32,2,HSS,TiN,0.3125,  5/16,0.375,,0.5625,  9/16,2.3,0.875,,0,0,0
3,,65,HSS Endmill,Cylindrical mill,5/16 x 3/4 4 Flt HSS End Mill,China,ER32,4,HSS,TiN,0.3125,  5/16,0.375,,0.75,  3/4 ,2.4375,1.0625,,0,0,0
3,,66,HSS Endmill,Cylindrical mill,3/8 x 9/16 2 Flt HSS End Mill,China,ER32,2,HSS,TiN,0.375,  3/8 ,0.375,,0.5625,  9/16,2.3,0.9375,,0,0,0
3,,67,HSS Endmill,Cylindrical mill,3/8 x 3/4 4 Flt HSS End Mill,China,ER32,4,HSS,TiN,0.375,  3/8 ,0.375,,0.75,  3/4 ,2.625,1.125,,0,0,0
3,,68,HSS Endmill,Cylindrical mill,7/16 x 13/16 2 Flt HSS End Mill,China,ER32,2,HSS,TiN,0.4375,  7/16,0.375,,0.8125, 13/16,2.5,1.25,,0,0,0
3,,69,HSS Endmill,Cylindrical mill,7/16 x 15/16 4 Flt HSS End Mill,China,ER32,4,HSS,TiN,0.4375,  7/16,0.375,,0.9375, 15/16,2.625,1.375,,0,0,0
3,,70,HSS Endmill,Cylindrical mill,15/32 x 1-1/4 4 Flt HSS End Mill,,ER32,4,HSS,Uncoated,0.46875, 15/32,0.5,,1.25,1  1/4 ,3.25,1.7188,,0,0,0
3,,71,HSS Endmill,Cylindrical mill,1/2 x 1 2 Flt HSS End Mill,China,ER32,2,HSS,TiN,0.5,  1/2 ,0.5,,1.,1      ,3.,1.5,,0,0,0
3,,72,HSS Endmill,Cylindrical mill,1/2 x 1-1/4 4 Flt HSS End Mill,China,ER32,4,HSS,TiN,0.5,  1/2 ,0.5,,1.25,1  1/4 ,3.125,1.75,,0,0,0
3,,73,HSS Endmill,Cylindrical mill,17/32 x 1-3/16 4 Flt NCC HSS End Mill,,ER32,4,HSS,Uncoated,0.51325, 39/76,0.5,,1.375,1  3/8 ,3.375,1.8883,,0,0,0
3,,74,HSS Endmill,Cylindrical mill,33/64 x 1-3/16 4 Flt HSS End Mill,,ER32,4,HSS,TiN,0.515625, 33/64,0.5,,1.1875,1  3/16,1.75,1.7031,,0,0,0
3,,75,HSS Endmill,Cylindrical mill,9/16 x 1-1/8 2 Flt HSS End Mill,China,ER32,2,HSS,TiN,0.5625,  9/16,0.5,,1.125,1  1/8 ,3.0625,1.6875,,0,0,0
3,,76,HSS Endmill,Cylindrical mill,9/16 x 1-5/16 4 Flt HSS End Mill,China,ER32,4,HSS,TiN,0.5625,  9/16,0.5,,1.3125,1  5/16,3.3125,1.875,,0,0,0
3,,77,HSS Endmill,Cylindrical mill,5/8 x 1-5/16 2 Flt HSS End Mill,China,ER32,2,HSS,TiN,0.625,  5/8 ,0.625,,1.3125,1  5/16,3.375,1.9375,,0,0,0
3,,78,HSS Endmill,Cylindrical mill,5/8 x 1-5/8 4 Flt HSS End Mill,China,ER32,4,HSS,TiN,0.625,  5/8 ,0.625,,1.625,1  5/8 ,3.6875,2.25,,0,0,0
3,,79,HSS Endmill,Cylindrical mill,11/16 x 1-5/16 2 Flt HSS End Mill,China,ER32,2,HSS,TiN,0.6875, 11/16,0.625,,1.3125,1  5/16,3.375,2.,,0,0,0
3,,80,HSS Endmill,Cylindrical mill,11/16 x 1-9/16 4 Flt HSS End Mill,China,ER32,4,HSS,TiN,0.6875, 11/16,0.625,,1.5625,1  9/16,3.6875,2.25,,0,0,0
3,,81,HSS Endmill,Cylindrical mill,3/4 x 1-5/16 2 Flt HSS End Mill,China,ER32,2,HSS,TiN,0.75,  3/4 ,0.75,,1.25,1  1/4 ,3.5,2.,,0,0,0
3,,82,HSS Endmill,Cylindrical mill,3/4 x 1-5/8 4 Flt HSS End Mill,China,ER32,4,HSS,TiN,0.75,  3/4 ,0.75,,1.625,1  5/8 ,3.8125,2.375,,0,0,0
3,,83,HSS Endmill,Cylindrical mill,1-1/4 x 2 6 Flt NCC HSS End Mill,China,ER32,6,HSS,Uncoated,1.25,1  1/4 ,0.75,,2.,2      ,4.25,3.25,,0,0,0
3,,84,HSS Endmill,N/A,Future,,ER32,,,,,0      ,,,,0      ,,0.,,,,
4,,99,Measure/Special,N/A,Renishaw Probe ,Must Be 99 for PP,None,,,,,0      ,,,,0      ,,0.,,,,
5,,100,Engravers,Engraver,00 x 120 Diamond Engraver,2L 10393,ER32,1,Diamond,Uncoated,0.1875,  3/16,0.1875,,0.125,  1/8 ,1.5,0.3125,,60,,
5,,101,Engravers,Engraver,.020 x 60  Engraver -Gen Purpose-,2L C-1875,ER32,1,Carbide,Uncoated,0.1875,  3/16,0.1875,0.02,0.5,  1/2 ,2.,0.6875,,30,0,0
5,,102,Engravers,Conical Mill,.020 x 60  Ball Nose Engraver,2L B-1875,ER32,1,Carbide,Uncoated,0.1875,  3/16,0.1875,,0.5,  1/2 ,2.,0.6875,,30,0.01,0
5,,103,Engravers,Conical Mill,.010 x 60  TT Ball Nose Engraver,2L TR-1875,ER32,1,Carbide,AlTiN,0.1875,  3/16,0.1875,,0.5,  1/2 ,2.,0.6875,,30,0.005,
5,,104,Engravers,Engraver,.020 x 60  Engraver -Soft Mat-,2L C-250xxS,ER32,1,Carbide,Uncoated,0.25,  1/4 ,0.25,0.02,0.5,  1/2 ,2.,0.75,,30,0,0
5,,105,Engravers,Engraver,.020 x 60  Engraver -Hard Mat-,Missing,ER32,1,Carbide,Uncoated,0.25,  1/4 ,0.25,0.02,0.5,  1/2 ,2.,0.75,,30,0,0
5,,106,Engravers,Conical Mill,.010 x 60 2FL  Ball Nose Engraver,2L B2-250,ER32,2,Carbide,Uncoated,0.25,  1/4 ,0.25,,0.5,  1/2 ,2.,0.75,,30,0.005,
5,,107,Engravers,Conical Mill,.040 x 30 2FL  Ball Nose Engraver,2L B2-251,ER32,2,Carbide,Uncoated,0.25,  1/4 ,0.25,,0.5,  1/2 ,2.,0.75,,15,0.02,
5,,108,Engravers,Engraver,.01 x 60 TT Engraver,2L T-250,ER32,1,Carbide,Uncoated,0.25,  1/4 ,0.25,0.01,0.5,  1/2 ,2.,0.75,,30,,
5,,109,Engravers,Engraver,.015 x 60 TT Engraver,2L T-250,ER32,1,Carbide,Uncoated,0.25,  1/4 ,0.25,0.015,0.5,  1/2 ,2.,0.75,,30,,
5,,110,Engravers,Engraver,.02 x 60 TT Engraver,2L T-250,ER32,1,Carbide,Uncoated,0.25,  1/4 ,0.25,0.02,0.5,  1/2 ,2.,0.75,,30,,
5,,111,Engravers,Engraver,.01 x 60 TT AL Engraver,2L T2-250,ER32,1,Carbide,Uncoated,0.25,  1/4 ,0.25,0.01,0.5,  1/2 ,2.,0.75,,30,,
5,,112,Engravers,Engraver,.015 x 60 TT AL Engraver,2L T2-250,ER32,1,Carbide,Uncoated,0.25,  1/4 ,0.25,0.015,0.5,  1/2 ,2.,0.75,,30,,
5,,113,Engravers,Engraver,.02 x 60 TT AL Engraver,2L T2-250,ER32,1,Carbide,Uncoated,0.25,  1/4 ,0.25,0.02,0.5,  1/2 ,2.,0.75,,30,,
6,,114,Ball Endmill,Spherical mill,1/4 x 5/8 4 Flt HSS Ball End Mill,,ER32,4,Cobalt,Uncoated,0.25,  1/4 ,0.375,,0.625,  5/8 ,2.5,1.,,0,0.125,0
6,,115,Ball Endmill,Spherical mill,1/4 x 3/4 4 Flt Carb Ball End Mill,,ER32,4,Carbide,Uncoated,0.25,  1/4 ,0.25,,0.75,  3/4 ,2.5,1.,,0,0.125,0
6,,116,Ball Endmill,Spherical mill,3/16 x 5/8 4 Flt Carb Ball End Mill,,ER32,4,Carbide,TiN,0.3125,  5/16,0.3125,,0.625,  5/8 ,2.,0.9375,,0,0.15625,0
6,,117,Ball Endmill,Spherical mill,3/16 x 5/8 4 Flt Carb Ball End Mill,,ER32,4,Carbide,TiAlN,0.3125,  5/16,0.3125,,0.625,  5/8 ,2.,0.9375,,0,0.15625,
6,,118,Ball Endmill,Spherical mill,1/2 x 1-1/4 4 Flt HSS Ball End Mill,,ER32,4,Cobalt,Uncoated,0.5,  1/2 ,0.5,,1.25,1  1/4 ,3.25,1.75,,0,0.25,0
6,,119,Ball Endmill,Spherical Mill,3/4 x 1-5/8 4 Flt HSS Ball End Mill,,ER32,4,HSS,TiN,0.75,  3/4 ,0.75,,1.625,1  5/8 ,3.875,2.375,,,0.375,
6,,120,Ball Endmill,N/A,Future,,ER32,,,,,0      ,,,,0      ,,0.,,,,
7,,124,Roughing Endmills,Torus Mill,3/8 x 1 45 Corner Chamfer Alum Rougher,Lakeshore TAS HRR,ER32,3,Carbide,Uncoated,0.375,  3/8 ,0.375,,1.,1      ,2.5,1.375,,,0.015,0.015
7,,125,Roughing Endmills,Cylindrical mill,3/8 x 3/4 4 Flt HSS NCC Coarse Rougher ,China,ER32,4,Cobalt,TiN,0.375,  3/8 ,0.375,,1.1875,1  3/16,2.875,1.5625,,0,0,0
7,,126,Roughing Endmills,Cylindrical mill,1/2 x 2 4 Flt HSS NCC Coarse Rougher ,OVERSIZE!! China,ER32,4,Cobalt,TiN,0.5,  1/2 ,0.5,,2.,2      ,3.9375,2.5,,0,0,0
7,,127,Roughing Endmills,Cylindrical mill,5/8 x 1-1/4 4 Flt HSS NCC  Rougher ,China,ER32,4,Cobalt,TiN,0.625,  5/8 ,0.625,,1.25,1  1/4 ,3.375,1.875,,0,0,0
7,,128,Roughing Endmills,N/A,Future,,ER32,,,,,0      ,,,,0      ,,0.,,,,
8,,134,Special Mills,Negative Radius Mill,1/16 Roundover Mill,Lakeshore 1-16 RPEM .046 pilot,ER32,2,Carbide,Uncoated,0.1875,  3/16,0.1875,,0.125,  1/8 ,2.,0.3125,,,0.0625,0.0625
8,,135,Special Mills,Limited conical mill,.125 x 20 x 3/8 HSS Taper Mill,,ER32,3,HSS,Uncoated,0.488, 41/84,0.375,0.125,0.5,  1/2 ,2.5,0.988,0.5,20,0,0
8,,136,Special Mills,Limited Conical Mill,"2"" to 3"" Fly Cutter ",,None,1,Carbide,Uncoated,2.5,2  1/2 ,0.75,,0.25,  1/4 ,1.8,1.8,0.25,45,0.036,0.036
8,,137,Special Mills,Limited conical mill,"3"" x 45 Glacern Indexable Face Mill",,None,6,Carbide,Uncoated,3.472,3 42/89,0.75,,0.25,  1/4 ,4.0625,4.0625,0.25,45,0.036,0.036
8,,138,Special Mills,N/A,Future,,ER32,,,,,0      ,,,,0      ,,0.,,,,
9,,154,Chamfer/Countersinks,Flat Tip Countersink,1/4 x 90 Carb Chamfer Mill,Lakeshore ,ER32,4,Carbide,Uncoated,0.25,  1/4 ,0.25,0.046,0.102,  5/49,2.,1.,,45,,
9,,155,Chamfer/Countersinks,Counter Sink Drill,1/4 x 90 Solid Carb Chamfer Mill,keo Damaged,ER32,6,Carbide,Uncoated,0.25,  1/4 ,0.25,,0.125,  1/8 ,2.,1.,,90,0,0
9,,156,Chamfer/Countersinks,Flat Tip Countersink,3/8 x 90 Carb Chamfer Mill,Lakeshore ,ER32,4,Carbide,Uncoated,0.375,  3/8 ,0.375,0.0625,0.156,  5/32,2.,1.,,45,,
9,,157,Chamfer/Countersinks,Counter Sink Drill,1/2 x 82 Carb Countersink,not sharp tip,ER32,6,Carbide,Uncoated,0.5,  1/2 ,0.25,,0.325, 13/40,2.5,1.25,,82,,
9,,158,Chamfer/Countersinks,Counter Sink Drill,1/2 x 82 HSS Countersink,,ER32,6,HSS,TiN,0.5,  1/2 ,0.25,,0.325, 13/40,2.,1.25,,82,,
9,,159,Chamfer/Countersinks,Counter Sink Drill,3/4 x 82 HSS Countersink,,ER32,1,HSS,Uncoated,0.75,  3/4 ,0.5,,0.45,  9/20,2.75,1.75,,82,,
9,,160,Chamfer/Countersinks,N/A,Future,,ER32,,,,,0      ,,,,0      ,,0.,,,,
10,1,174,Spot/Centerdrill,Spot Drill,1/8 x 145 Solid Carb Spot Drill,,ER32,2,Carbide,Uncoated,0.125,  1/8 ,0.125,,0.125,  1/8 ,2.,0.25,,145,,
10,1,175,Spot/Centerdrill,Spot Drill,1/8 x 118 HSS Spot drill,,ER32,2,HSS,Uncoated,0.125,  1/8 ,0.125,,0.25,  1/4 ,1.1875,0.75,,118,0,0
10,1,176,Spot/Centerdrill,Spot Drill,3/8 x 118 HSS Spot drill,,ER32,2,HSS,Uncoated,0.375,  3/8 ,0.375,,0.8125, 13/16,1.875,1.1875,,118,0,0
10,1,177,Spot/Centerdrill,Spot Drill,3/8 x 135 Solid Carb Spot Drill,spare 145 in stk,ER32,2,Carbide,Uncoated,0.375,  3/8 ,0.375,,0.8125, 13/16,2.5,1.1875,,140,0,0
10,2,178,Spot/Centerdrill,Two Stage Drill,1 HSS Center Drill,Chinese and Keo in stk,Drill Chuck,2,HSS,Uncoated,0.0469,  3/64,0.125,,0.125,  1/8 ,1.25,0.625,,118,0,0
10,2,179,Spot/Centerdrill,Two Stage Drill,2 HSS Center Drill,Chinese and Keo in stk,Drill Chuck,2,HSS,Uncoated,0.0781,  5/64,0.1875,,0.1875,  3/16,1.875,1.,,118,0,0
10,2,180,Spot/Centerdrill,Two Stage Drill,3 HSS Center Drill,Chinese and Keo in stk,Drill Chuck,2,HSS,Uncoated,0.1094,  7/64,0.25,,0.23,  3/13,2.,1.,,118,0,0
10,2,181,Spot/Centerdrill,Two Stage Drill,4 HSS Center Drill,Chinese and Keo in stk,Drill Chuck,2,HSS,Uncoated,0.125,  1/8 ,0.3125,,0.285,  2/7 ,2.125,1.,,118,0,0
10,2,182,Spot/Centerdrill,Two Stage Drill,5 HSS Center Drill,Chinese and Keo in stk,Drill Chuck,2,HSS,Uncoated,0.1875,  3/16,0.4375,,0.375,  3/8 ,2.75,1.25,,118,0,0
10,,183,Spot/Centerdrill,N/A,Future,,ER32,,,,,0      ,,,,0      ,,0.,,,,
11,,184,Thread Mills,N/A,1/4 x .75 Sin Prfl Tmill 18-56,Lakeshore  .0018 crst,ER32,4,Carbide,Uncoated,0.18,  9/50,0.115,,0.75,  3/4 ,2.,0.93,,60,,
11,,185,Thread Mills,N/A,3/8 x 1 Sin Prfl Tmill 14-40,Tormach .003 crst,ER32,4,Carbide,Uncoated,0.3,  3/10,0.218,,1.,1      ,2.875,1.3,,60,,
11,,186,Thread Mills,N/A,Future,,ER32,,,,,0      ,,,,0      ,,0.,,,,
12,,204,MISC,Reamer,.1250 Chucking Reamer,,ER32,4,HSS,Uncoated,0.125,  1/8 ,0.118,,0.875,  7/8 ,3.5,1.75,,,,
12,,205,MISC,Reamer,.2500 Chucking Reamer,,ER32,6,HSS,Uncoated,0.25,  1/4 ,0.234,,1.375,1  3/8 ,6.,2.75,,,,
12,,206,MISC,Reamer,.5010 Chucking Reamer,,ER32,6,HSS,Uncoated,0.501,  1/2 ,0.435,,1.9375,1 15/16,8.,6.,,,,
12,,207,MISC,Reamer,.5315 Chucking Reamer,,ER32,6,HSS,Uncoated,0.5315, 17/32,0.435,,1.875,1  7/8 ,7.75,6.,,,,
12,,208,MISC,N/A,Future,,ER32,,,,,0      ,,,,0      ,,0.,,,,
13,1,250,Twist Drills,Drill,1/16 Twist Drill ,"Jobber, Split Point",Drill Chuck,2,Cobalt,Uncoated,0.0625,  1/16,0.0625,,0.875,  7/8 ,1.875,0.9375,,135,0,0
13,1,251,Twist Drills,Drill,5/64 Twist Drill ,"Jobber, Split Point",Drill Chuck,2,Cobalt,Uncoated,0.078125,  5/64,0.078125,,1.,1      ,2.,1.0781,,135,0,0
13,1,252,Twist Drills,Drill,3/32 Twist Drill ,"Jobber, Split Point",Drill Chuck,2,Cobalt,Uncoated,0.09375,  3/32,0.09375,,1.25,1  1/4 ,2.25,1.3438,,135,0,0
13,1,253,Twist Drills,Drill,7/64 Twist Drill ,"Jobber, Split Point",Drill Chuck,2,Cobalt,Uncoated,0.109375,  7/64,0.109375,,1.5,1  1/2 ,2.625,1.6094,,135,0,0
13,1,254,Twist Drills,Drill,1/8 Twist Drill ,"Jobber, Split Point",Drill Chuck,2,Cobalt,Uncoated,0.125,  1/8 ,0.125,,1.625,1  5/8 ,2.75,1.75,,135,0,0
13,1,255,Twist Drills,Drill,9/64 Twist Drill ,"Jobber, Split Point",Drill Chuck,2,Cobalt,Uncoated,0.140625,  9/64,0.140625,,1.75,1  3/4 ,2.875,1.8906,,135,0,0
13,1,256,Twist Drills,Drill,5/32 Twist Drill ,"Jobber, Split Point",Drill Chuck,2,Cobalt,Uncoated,0.15625,  5/32,0.15625,,2.,2      ,3.125,2.1563,,135,0,0
13,1,257,Twist Drills,Drill,11/64 Twist Drill ,"Jobber, Split Point",Drill Chuck,2,Cobalt,Uncoated,0.171875, 11/64,0.171875,,2.125,2  1/8 ,3.25,2.2969,,135,0,0
13,1,258,Twist Drills,Drill,3/16 Twist Drill ,"Jobber, Split Point",Drill Chuck,2,Cobalt,Uncoated,0.1875,  3/16,0.1875,,2.3125,2  5/16,3.5,2.5,,135,0,0
13,1,259,Twist Drills,Drill,13/64 Twist Drill ,"Jobber, Split Point",Drill Chuck,2,Cobalt,Uncoated,0.203125, 13/64,0.203125,,2.4375,2  7/16,3.625,2.6406,,135,0,0
13,1,260,Twist Drills,Drill,7/32 Twist Drill ,"Jobber, Split Point",Drill Chuck,2,Cobalt,Uncoated,0.21875,  7/32,0.21875,,2.5,2  1/2 ,3.75,2.7188,,135,0,0
13,1,261,Twist Drills,Drill,15/64 Twist Drill ,"Jobber, Split Point",Drill Chuck,2,Cobalt,Uncoated,0.234375, 15/64,0.234375,,2.625,2  5/8 ,3.875,2.8594,,135,0,0
13,1,262,Twist Drills,Drill,1/4 Twist Drill ,"Jobber, Split Point",Drill Chuck,2,Cobalt,Uncoated,0.25,  1/4 ,0.25,,2.75,2  3/4 ,4.,3.,,135,0,0
13,1,263,Twist Drills,Drill,1/4 Twist Drill ,"Xtra long, Parabolic",Drill Chuck,2,HSS,Uncoated,0.25,  1/4 ,0.25,,6.,6      ,8.,6.25,,118,,
13,1,264,Twist Drills,Drill,17/64 Twist Drill ,"Jobber, Split Point",Drill Chuck,2,Cobalt,Uncoated,0.265625, 17/64,0.265625,,2.875,2  7/8 ,4.125,3.1406,,135,0,0
13,1,265,Twist Drills,Drill,9/32 Twist Drill ,"Jobber, Split Point",Drill Chuck,2,Cobalt,Uncoated,0.28125,  9/32,0.28125,,2.9375,2 15/16,4.25,3.2188,,135,0,0
13,1,266,Twist Drills,Drill,19/64 Twist Drill ,"Jobber, Split Point",Drill Chuck,2,Cobalt,Uncoated,0.296875, 19/64,0.296875,,3.0625,3  1/16,4.375,3.3594,,135,0,0
13,1,267,Twist Drills,Drill,5/16 Twist Drill ,"Jobber, Split Point",Drill Chuck,2,Cobalt,Uncoated,0.3125,  5/16,0.3125,,3.1875,3  3/16,4.5,3.5,,135,0,0
13,1,268,Twist Drills,Drill,21/64 Twist Drill ,"Jobber, Split Point",Drill Chuck,2,Cobalt,Uncoated,0.328125, 21/64,0.328125,,3.3125,3  5/16,4.625,3.6406,,135,0,0
13,1,269,Twist Drills,Drill,11/32 Twist Drill ,"Jobber, Split Point",Drill Chuck,2,Cobalt,Uncoated,0.34375, 11/32,0.34375,,3.4375,3  7/16,4.75,3.7813,,135,0,0
13,1,270,Twist Drills,Drill,23/64 Twist Drill ,"Jobber, Split Point",Drill Chuck,2,Cobalt,Uncoated,0.359375, 23/64,0.359375,,3.5,3  1/2 ,4.875,3.8594,,135,0,0
13,1,271,Twist Drills,Drill,3/8 Twist Drill ,"Jobber, Split Point",Drill Chuck,2,Cobalt,Uncoated,0.375,  3/8 ,0.375,,3.625,3  5/8 ,5.,4.,,135,0,0
13,1,272,Twist Drills,Drill,25/64 Twist Drill ,"Jobber, Split Point",Drill Chuck,2,Cobalt,Uncoated,0.390625, 25/64,0.390625,,3.75,3  3/4 ,5.125,4.1406,,135,0,0
13,1,273,Twist Drills,Drill,X LTR Twist Drill,"Jobber, ",Drill Chuck,2,HSS,Uncoated,0.397, 27/68,0.397,,3.75,3  3/4 ,5.125,4.147,,118,,
13,1,274,Twist Drills,Drill,13/32 Twist Drill ,"Jobber, Split Point",Drill Chuck,2,Cobalt,Uncoated,0.40625, 13/32,0.40625,,3.875,3  7/8 ,5.25,4.2813,,135,0,0
13,1,275,Twist Drills,Drill,27/64 Twist Drill ,"Jobber, Split Point",Drill Chuck,2,Cobalt,Uncoated,0.421875, 27/64,0.421875,,3.9375,3 15/16,5.375,4.3594,,135,0,0
13,1,276,Twist Drills,Drill,7/16 Twist Drill ,"Jobber, Split Point",Drill Chuck,2,Cobalt,Uncoated,0.4375,  7/16,0.4375,,4.0625,4  1/16,5.5,4.5,,135,0,0
13,1,277,Twist Drills,Drill,29/64 Twist Drill ,"Jobber, Split Point",Drill Chuck,2,Cobalt,Uncoated,0.453125, 29/64,0.453125,,4.1875,4  3/16,5.625,4.6406,,135,0,0
13,1,278,Twist Drills,Drill,15/32 Twist Drill ,"Jobber, Split Point",Drill Chuck,2,Cobalt,Uncoated,0.46875, 15/32,0.46875,,4.3125,4  5/16,5.75,4.7813,,135,0,0
13,1,279,Twist Drills,Drill,31/64 Twist Drill ,"Jobber, Split Point",Drill Chuck,2,Cobalt,Uncoated,0.484375, 31/64,0.484375,,4.375,4  3/8 ,5.875,4.8594,,135,0,0
13,1,280,Twist Drills,Drill,1/2 Twist Drill ,"Jobber, Split Point",Drill Chuck,2,Cobalt,Uncoated,0.5,  1/2 ,0.5,,4.5,4  1/2 ,6.,5.,,135,0,0
13,1,281,Twist Drills,Drill,5/8 x 1/2 Twist Drill,"S&D, shank damage",Drill Chuck,2,HSS,Uncoated,0.625,  5/8 ,0.5,,2.875,2  7/8 ,5.625,3.5,,118,,
13,1,282,Twist Drills,Drill,18mm x 1/2 Twist Drill,"S&D,",Drill Chuck,2,HSS,Uncoated,0.7087, 17/24,0.5,,3.,3      ,6.,3.7087,,118,,
13,1,283,Twist Drills,Drill,7/8 x 1/2 Twist Drill,"S&D,",Drill Chuck,2,HSS,Uncoated,0.875,  7/8 ,0.5,,3.,3      ,6.,3.875,,118,,
13,2,284,Twist Drills,Drill,1/16 Twist Drill ,"Scrw Mach, Split point",Drill Chuck,2,Cobalt,Uncoated,0.0625,  1/16,0.0625,,0.625,  5/8 ,1.625,0.6875,,135,0,0
13,2,285,Twist Drills,Drill,5/64 Twist Drill ,"Scrw Mach, Split point",Drill Chuck,2,Cobalt,Uncoated,0.078125,  5/64,0.078125,,0.6875, 11/16,1.6875,0.7656,,135,0,0
13,2,286,Twist Drills,Drill,3/32 Twist Drill ,"Scrw Mach, Split point",Drill Chuck,2,Cobalt,Uncoated,0.09375,  3/32,0.09375,,0.75,  3/4 ,1.75,0.8438,,135,0,0
13,2,287,Twist Drills,Drill,7/64 Twist Drill ,"Scrw Mach, Split point",Drill Chuck,2,Cobalt,Uncoated,0.109375,  7/64,0.109375,,0.8125, 13/16,1.8125,0.9219,,135,0,0
13,2,288,Twist Drills,Drill,7/64 Twist Drill ,"Scrw Mach, Split point, Carbide",Drill Chuck,2,Carbide,AlTiN,0.1094,  7/64,0.1094,,0.8125, 13/16,1.8125,0.9219,,135,,
13,2,289,Twist Drills,Drill,1/8 Twist Drill ,"Scrw Mach, Split point",Drill Chuck,2,Cobalt,Uncoated,0.125,  1/8 ,0.125,,0.875,  7/8 ,1.875,1.,,135,0,0
13,2,290,Twist Drills,Drill,9/64 Twist Drill ,"Scrw Mach, Split point, Carbide",Drill Chuck,2,Carbide,AlTiN,0.1406,  9/64,0.1406,,0.9375, 15/16,1.9375,1.0781,,135,,
13,2,291,Twist Drills,Drill,9/64 Twist Drill ,"Scrw Mach, Split point",Drill Chuck,2,Cobalt,Uncoated,0.140625,  9/64,0.140625,,0.9375, 15/16,1.9375,1.0781,,135,0,0
13,2,292,Twist Drills,Drill,5/32 Twist Drill ,"Scrw Mach, Split point",Drill Chuck,2,Cobalt,Uncoated,0.15625,  5/32,0.15625,,1.,1      ,2.0625,1.1563,,135,0,0
13,2,293,Twist Drills,Drill,11/64 Twist Drill ,"Scrw Mach, Split point",Drill Chuck,2,Cobalt,Uncoated,0.171875, 11/64,0.171875,,1.0625,1  1/16,2.125,1.2344,,135,0,0
13,2,294,Twist Drills,Drill,3/16 Twist Drill ,"Scrw Mach, Split point",Drill Chuck,2,Cobalt,Uncoated,0.1875,  3/16,0.1875,,1.125,1  1/8 ,2.1875,1.3125,,135,0,0
13,2,295,Twist Drills,Drill,13/64 Twist Drill ,"Scrw Mach, Split point",Drill Chuck,2,Cobalt,Uncoated,0.203125, 13/64,0.203125,,1.1875,1  3/16,2.25,1.3906,,135,0,0
13,2,296,Twist Drills,Drill,7/32 Twist Drill ,"Scrw Mach, Split point",Drill Chuck,2,Cobalt,Uncoated,0.21875,  7/32,0.21875,,1.25,1  1/4 ,2.375,1.4688,,135,0,0
13,2,297,Twist Drills,Drill,15/64 Twist Drill ,"Scrw Mach, Split point",Drill Chuck,2,Cobalt,Uncoated,0.234375, 15/64,0.234375,,1.3125,1  5/16,2.4375,1.5469,,135,0,0
13,2,298,Twist Drills,Drill,1/4 Twist Drill ,"Scrw Mach, Split point",Drill Chuck,2,Cobalt,Uncoated,0.25,  1/4 ,0.25,,1.375,1  3/8 ,2.5,1.625,,135,0,0
13,2,299,Twist Drills,Drill,17/64 Twist Drill ,"Scrw Mach, Split point",Drill Chuck,2,Cobalt,Uncoated,0.265625, 17/64,0.265625,,1.4375,1  7/16,2.625,1.7031,,135,0,0
13,2,300,Twist Drills,Drill,9/32 Twist Drill ,"Scrw Mach, Split point",Drill Chuck,2,Cobalt,Uncoated,0.28125,  9/32,0.28125,,1.5,1  1/2 ,2.6875,1.7813,,135,0,0
13,2,301,Twist Drills,Drill,19/64 Twist Drill ,"Scrw Mach, Split point",Drill Chuck,2,Cobalt,Uncoated,0.296875, 19/64,0.296875,,1.5625,1  9/16,2.75,1.8594,,135,0,0
13,2,302,Twist Drills,Drill,5/16 Twist Drill ,"Scrw Mach, Split point",Drill Chuck,2,Cobalt,Uncoated,0.3125,  5/16,0.3125,,1.625,1  5/8 ,2.8125,1.9375,,135,0,0
13,2,303,Twist Drills,Drill,21/64 Twist Drill ,"Scrw Mach, Split point",Drill Chuck,2,Cobalt,Uncoated,0.328125, 21/64,0.328125,,1.6875,1 11/16,2.9375,2.0156,,135,0,0
13,2,304,Twist Drills,Drill,11/32 Twist Drill ,"Scrw Mach, Split point",Drill Chuck,2,Cobalt,Uncoated,0.34375, 11/32,0.34375,,1.6875,1 11/16,3.,2.0313,,135,0,0
13,2,305,Twist Drills,Drill,23/64 Twist Drill ,"Scrw Mach, Split point",Drill Chuck,2,Cobalt,Uncoated,0.359375, 23/64,0.359375,,1.75,1  3/4 ,3.0625,2.1094,,135,0,0
13,2,306,Twist Drills,Drill,3/8 Twist Drill ,"Scrw Mach, Split point",Drill Chuck,2,Cobalt,Uncoated,0.375,  3/8 ,0.375,,1.8125,1 13/16,3.125,2.1875,,135,0,0
13,2,307,Twist Drills,Drill,25/64 Twist Drill ,"Scrw Mach, Split point",Drill Chuck,2,Cobalt,Uncoated,0.390625, 25/64,0.390625,,1.875,1  7/8 ,3.25,2.2656,,135,0,0
13,2,308,Twist Drills,Drill,13/32 Twist Drill ,"Scrw Mach, Split point",Drill Chuck,2,Cobalt,Uncoated,0.40625, 13/32,0.40625,,1.9375,1 15/16,3.3125,2.3438,,135,0,0
13,2,309,Twist Drills,Drill,27/64 Twist Drill ,"Scrw Mach, Split point",Drill Chuck,2,Cobalt,Uncoated,0.421875, 27/64,0.421875,,2.,2      ,3.375,2.4219,,135,0,0
13,2,310,Twist Drills,Drill,7/16 Twist Drill ,"Scrw Mach, Split point",Drill Chuck,2,Cobalt,Uncoated,0.4375,  7/16,0.4375,,2.0625,2  1/16,3.4375,2.5,,135,0,0
13,2,311,Twist Drills,Drill,29/64 Twist Drill ,"Scrw Mach, Split point",Drill Chuck,2,Cobalt,Uncoated,0.453125, 29/64,0.453125,,2.125,2  1/8 ,3.5625,2.5781,,135,0,0
13,2,312,Twist Drills,Drill,15/32 Twist Drill ,"Scrw Mach, Split point",Drill Chuck,2,Cobalt,Uncoated,0.46875, 15/32,0.46875,,2.125,2  1/8 ,3.625,2.5938,,135,0,0
13,2,313,Twist Drills,Drill,31/64 Twist Drill ,"Scrw Mach, Split point",Drill Chuck,2,Cobalt,Uncoated,0.484375, 31/64,0.484375,,2.3125,2  5/16,3.6875,2.7969,,135,0,0
13,2,314,Twist Drills,Drill,1/2 Twist Drill ,"Scrw Mach, Split point",Drill Chuck,2,Cobalt,Uncoated,0.5,  1/2 ,0.5,,2.25,2  1/4 ,3.75,2.75,,135,0,0
13,3,315,Twist Drills,Drill,#60 Twist Drill ,"Jobber, Split Point",Drill Chuck,2,Cobalt,Uncoated,0.04,,0.04,,0.6875, 11/16,1.625,0.7275,,135,0,0
13,3,316,Twist Drills,Drill,#59 Twist Drill ,"Jobber, Split Point",Drill Chuck,2,Cobalt,Uncoated,0.041,,0.041,,0.6875, 11/16,1.625,0.7285,,135,0,0
13,3,317,Twist Drills,Drill,#58 Twist Drill ,"Jobber, Split Point",Drill Chuck,2,Cobalt,Uncoated,0.042,,0.042,,0.6875, 11/16,1.625,0.7295,,135,0,0
13,3,318,Twist Drills,Drill,#57 Twist Drill ,"Jobber, Split Point",Drill Chuck,2,Cobalt,Uncoated,0.043,,0.043,,0.75,  3/4 ,1.75,0.793,,135,0,0
13,3,319,Twist Drills,Drill,#56 Twist Drill ,"Jobber, Split Point",Drill Chuck,2,Cobalt,Uncoated,0.0465,,0.0465,,0.75,  3/4 ,1.75,0.7965,,135,0,0
13,3,320,Twist Drills,Drill,#55 Twist Drill ,"Jobber, Split Point",Drill Chuck,2,Cobalt,Uncoated,0.052,,0.052,,0.875,  7/8 ,1.875,0.927,,135,0,0
13,3,321,Twist Drills,Drill,#54 Twist Drill ,"Jobber, Split Point",Drill Chuck,2,Cobalt,Uncoated,0.055,,0.055,,0.875,  7/8 ,1.875,0.93,,135,0,0
13,3,322,Twist Drills,Drill,#53 Twist Drill ,"Jobber, Split Point",Drill Chuck,2,Cobalt,Uncoated,0.0595,,0.0595,,0.875,  7/8 ,1.875,0.9345,,135,0,0
13,3,323,Twist Drills,Drill,#52 Twist Drill ,"Jobber, Split Point",Drill Chuck,2,Cobalt,Uncoated,0.0635,,0.0635,,0.875,  7/8 ,1.875,0.9385,,135,0,0
13,3,324,Twist Drills,Drill,#51 Twist Drill ,"Jobber, Split Point",Drill Chuck,2,Cobalt,Uncoated,0.067,,0.067,,1.,1      ,2.,1.067,,135,0,0
13,3,325,Twist Drills,Drill,#50 Twist Drill ,"Jobber, Split Point",Drill Chuck,2,Cobalt,Uncoated,0.07,,0.07,,1.,1      ,2.,1.07,,135,0,0
13,3,326,Twist Drills,Drill,#49 Twist Drill ,"Jobber, Split Point",Drill Chuck,2,Cobalt,Uncoated,0.073,,0.073,,1.,1      ,2.,1.073,,135,0,0
13,3,327,Twist Drills,Drill,#48 Twist Drill ,"Jobber, Split Point",Drill Chuck,2,Cobalt,Uncoated,0.076,,0.076,,1.,1      ,2.,1.076,,135,0,0
13,3,328,Twist Drills,Drill,#47 Twist Drill ,"Jobber, Split Point",Drill Chuck,2,Cobalt,Uncoated,0.0785,,0.0785,,1.,1      ,2.,1.0785,,135,0,0
13,3,329,Twist Drills,Drill,#46 Twist Drill ,"Jobber, Split Point",Drill Chuck,2,Cobalt,Uncoated,0.081,,0.081,,1.125,1  1/8 ,2.125,1.206,,135,0,0
13,3,330,Twist Drills,Drill,#45 Twist Drill ,"Jobber, Split Point",Drill Chuck,2,Cobalt,Uncoated,0.082,,0.082,,1.125,1  1/8 ,2.125,1.207,,135,0,0
13,3,331,Twist Drills,Drill,#44 Twist Drill ,"Jobber, Split Point",Drill Chuck,2,Cobalt,Uncoated,0.086,,0.086,,1.125,1  1/8 ,2.125,1.211,,135,0,0
13,3,332,Twist Drills,Drill,#43 Twist Drill ,"Jobber, Split Point",Drill Chuck,2,Cobalt,Uncoated,0.089,,0.089,,1.25,1  1/4 ,2.25,1.339,,135,0,0
13,3,333,Twist Drills,Drill,#42 Twist Drill ,"Jobber, Split Point",Drill Chuck,2,Cobalt,Uncoated,0.0935,,0.0935,,1.25,1  1/4 ,2.25,1.3435,,135,0,0
13,3,334,Twist Drills,Drill,#41 Twist Drill ,"Jobber, Split Point",Drill Chuck,2,Cobalt,Uncoated,0.096,,0.096,,1.375,1  3/8 ,2.375,1.471,,135,0,0
13,3,335,Twist Drills,Drill,#40 Twist Drill ,"Jobber, Split Point",Drill Chuck,2,Cobalt,Uncoated,0.098,,0.098,,1.375,1  3/8 ,2.375,1.473,,135,0,0
13,3,336,Twist Drills,Drill,#39 Twist Drill ,"Jobber, Split Point",Drill Chuck,2,Cobalt,Uncoated,0.0995,,0.0995,,1.375,1  3/8 ,2.375,1.4745,,135,0,0
13,3,337,Twist Drills,Drill,#38 Twist Drill ,"Jobber, Split Point",Drill Chuck,2,Cobalt,Uncoated,0.1015,,0.1015,,1.4375,1  7/16,2.5,1.539,,135,0,0
13,3,338,Twist Drills,Drill,#37 Twist Drill ,"Jobber, Split Point",Drill Chuck,2,Cobalt,Uncoated,0.104,,0.104,,1.4375,1  7/16,2.5,1.5415,,135,0,0
13,3,339,Twist Drills,Drill,#36 Twist Drill ,"Jobber, Split Point",Drill Chuck,2,Cobalt,Uncoated,0.1065,,0.1065,,1.4375,1  7/16,2.5,1.544,,135,0,0
13,3,340,Twist Drills,Drill,#35 Twist Drill ,"Jobber, Split Point",Drill Chuck,2,Cobalt,Uncoated,0.11,,0.11,,1.5,1  1/2 ,2.625,1.61,,135,0,0
13,3,341,Twist Drills,Drill,#34 Twist Drill ,"Jobber, Split Point",Drill Chuck,2,Cobalt,Uncoated,0.111,,0.111,,1.5,1  1/2 ,2.625,1.611,,135,0,0
13,3,342,Twist Drills,Drill,#33 Twist Drill ,"Jobber, Split Point",Drill Chuck,2,Cobalt,Uncoated,0.113,,0.113,,1.5,1  1/2 ,2.625,1.613,,135,0,0
13,3,343,Twist Drills,Drill,#32 Twist Drill ,"Jobber, Split Point",Drill Chuck,2,Cobalt,Uncoated,0.116,,0.116,,1.625,1  5/8 ,2.75,1.741,,135,0,0
13,3,344,Twist Drills,Drill,#31 Twist Drill ,"Jobber, Split Point",Drill Chuck,2,Cobalt,Uncoated,0.12,,0.12,,1.625,1  5/8 ,2.75,1.745,,135,0,0
13,3,345,Twist Drills,Drill,#30 Twist Drill ,"Jobber, Split Point",Drill Chuck,2,Cobalt,Uncoated,0.1285,,0.1285,,1.625,1  5/8 ,2.75,1.7535,,135,0,0
13,3,346,Twist Drills,Drill,#29 Twist Drill ,"Jobber, Split Point",Drill Chuck,2,Cobalt,Uncoated,0.136,,0.136,,1.75,1  3/4 ,2.875,1.886,,135,0,0
13,3,347,Twist Drills,Drill,#28 Twist Drill ,"Jobber, Split Point",Drill Chuck,2,Cobalt,Uncoated,0.1405,,0.1405,,1.75,1  3/4 ,2.875,1.8905,,135,0,0
13,3,348,Twist Drills,Drill,#27 Twist Drill ,"Jobber, Split Point",Drill Chuck,2,Cobalt,Uncoated,0.144,,0.144,,1.875,1  7/8 ,3.,2.019,,135,0,0
13,3,349,Twist Drills,Drill,#26 Twist Drill ,"Jobber, Split Point",Drill Chuck,2,Cobalt,Uncoated,0.147,,0.147,,1.875,1  7/8 ,3.,2.022,,135,0,0
13,3,350,Twist Drills,Drill,#25 Twist Drill ,"Jobber, Split Point",Drill Chuck,2,Cobalt,Uncoated,0.1495,,0.1495,,1.875,1  7/8 ,3.,2.0245,,135,0,0
13,3,351,Twist Drills,Drill,#24 Twist Drill ,"Jobber, Split Point",Drill Chuck,2,Cobalt,Uncoated,0.152,,0.152,,2.,2      ,3.125,2.152,,135,0,0
13,3,352,Twist Drills,Drill,#23 Twist Drill ,"Jobber, Split Point",Drill Chuck,2,Cobalt,Uncoated,0.154,,0.154,,2.,2      ,3.125,2.154,,135,0,0
13,3,353,Twist Drills,Drill,#22 Twist Drill ,"Jobber, Split Point",Drill Chuck,2,Cobalt,Uncoated,0.157,,0.157,,2.,2      ,3.125,2.157,,135,0,0
13,3,354,Twist Drills,Drill,#21 Twist Drill ,"Jobber, Split Point",Drill Chuck,2,Cobalt,Uncoated,0.159,,0.159,,2.125,2  1/8 ,3.25,2.284,,135,0,0
13,3,355,Twist Drills,Drill,#20 Twist Drill ,"Jobber, Split Point",Drill Chuck,2,Cobalt,Uncoated,0.161,,0.161,,2.125,2  1/8 ,3.25,2.286,,135,0,0
13,3,356,Twist Drills,Drill,#19 Twist Drill ,"Jobber, Split Point",Drill Chuck,2,Cobalt,Uncoated,0.166,,0.166,,2.125,2  1/8 ,3.25,2.291,,135,0,0
13,3,357,Twist Drills,Drill,#18 Twist Drill ,"Jobber, Split Point",Drill Chuck,2,Cobalt,Uncoated,0.1695,,0.1695,,2.125,2  1/8 ,3.25,2.2945,,135,0,0
13,3,358,Twist Drills,Drill,#17 Twist Drill ,"Jobber, Split Point",Drill Chuck,2,Cobalt,Uncoated,0.173,,0.173,,2.1875,2  3/16,3.375,2.3605,,135,0,0
13,3,359,Twist Drills,Drill,#16 Twist Drill ,"Jobber, Split Point",Drill Chuck,2,Cobalt,Uncoated,0.177,,0.177,,2.1875,2  3/16,3.375,2.3645,,135,0,0
13,3,360,Twist Drills,Drill,#15 Twist Drill ,"Jobber, Split Point",Drill Chuck,2,Cobalt,Uncoated,0.18,,0.18,,2.1875,2  3/16,3.375,2.3675,,135,0,0
13,3,361,Twist Drills,Drill,#14 Twist Drill ,"Jobber, Split Point",Drill Chuck,2,Cobalt,Uncoated,0.182,,0.182,,2.1875,2  3/16,3.375,2.3695,,135,0,0
13,3,362,Twist Drills,Drill,#13 Twist Drill ,"Jobber, Split Point",Drill Chuck,2,Cobalt,Uncoated,0.185,,0.185,,2.3125,2  5/16,3.5,2.4975,,135,0,0
13,3,363,Twist Drills,Drill,#12 Twist Drill ,"Jobber, Split Point",Drill Chuck,2,Cobalt,Uncoated,0.189,,0.189,,2.3125,2  5/16,3.5,2.5015,,135,0,0
13,3,364,Twist Drills,Drill,#11 Twist Drill ,"Jobber, Split Point",Drill Chuck,2,Cobalt,Uncoated,0.191,,0.191,,2.3125,2  5/16,3.5,2.5035,,135,0,0
13,3,365,Twist Drills,Drill,#10 Twist Drill ,"Jobber, Split Point",Drill Chuck,2,Cobalt,Uncoated,0.1935,,0.1935,,2.4375,2  7/16,3.625,2.631,,135,0,0
13,3,366,Twist Drills,Drill,#9 Twist Drill ,"Jobber, Split Point",Drill Chuck,2,Cobalt,Uncoated,0.196,,0.196,,2.4375,2  7/16,3.625,2.6335,,135,0,0
13,3,367,Twist Drills,Drill,#8 Twist Drill ,"Jobber, Split Point",Drill Chuck,2,Cobalt,Uncoated,0.199,,0.199,,2.4375,2  7/16,3.625,2.6365,,135,0,0
13,3,368,Twist Drills,Drill,#7 Twist Drill ,"Jobber, Split Point",Drill Chuck,2,Cobalt,Uncoated,0.201,,0.201,,2.4375,2  7/16,3.625,2.6385,,135,0,0
13,3,369,Twist Drills,Drill,#6 Twist Drill ,"Jobber, Split Point",Drill Chuck,2,Cobalt,Uncoated,0.204,,0.204,,2.5,2  1/2 ,3.75,2.704,,135,0,0
13,3,370,Twist Drills,Drill,#5 Twist Drill ,"Jobber, Split Point",Drill Chuck,2,Cobalt,Uncoated,0.2055,,0.2055,,2.5,2  1/2 ,3.75,2.7055,,135,0,0
13,3,371,Twist Drills,Drill,#4 Twist Drill ,"Jobber, Split Point",Drill Chuck,2,Cobalt,Uncoated,0.209,,0.209,,2.5,2  1/2 ,3.75,2.709,,135,0,0
13,3,372,Twist Drills,Drill,#3 Twist Drill ,"Jobber, Split Point",Drill Chuck,2,Cobalt,Uncoated,0.213,,0.213,,2.5,2  1/2 ,3.75,2.713,,135,0,0
13,3,373,Twist Drills,Drill,#2 Twist Drill ,"Jobber, Split Point",Drill Chuck,2,Cobalt,Uncoated,0.221,,0.221,,2.625,2  5/8 ,3.875,2.846,,135,0,0
13,3,374,Twist Drills,Drill,#1 Twist Drill ,"Jobber, Split Point",Drill Chuck,2,Cobalt,Uncoated,0.228,,0.228,,2.625,2  5/8 ,3.875,2.853,,135,0,0
13,4,375,Twist Drills,Drill,#60 Twist Drill ,"Scrw Mach, Split point",Drill Chuck,2,Cobalt,Uncoated,0.04,,0.04,,0.5,  1/2 ,1.375,0.54,,135,0,0
13,4,376,Twist Drills,Drill,#59 Twist Drill ,"Scrw Mach, Split point",Drill Chuck,2,Cobalt,Uncoated,0.041,,0.041,,0.5,  1/2 ,1.375,0.541,,135,0,0
13,4,377,Twist Drills,Drill,#58 Twist Drill ,"Scrw Mach, Split point",Drill Chuck,2,Cobalt,Uncoated,0.042,,0.042,,0.5,  1/2 ,1.375,0.542,,135,0,0
13,4,378,Twist Drills,Drill,#57 Twist Drill ,"Scrw Mach, Split point",Drill Chuck,2,Cobalt,Uncoated,0.043,,0.043,,0.5,  1/2 ,1.375,0.543,,135,0,0
13,4,379,Twist Drills,Drill,#56 Twist Drill ,"Scrw Mach, Split point",Drill Chuck,2,Cobalt,Uncoated,0.0465,,0.0465,,0.5,  1/2 ,1.375,0.5465,,135,0,0
13,4,380,Twist Drills,Drill,#55 Twist Drill ,"Scrw Mach, Split point",Drill Chuck,2,Cobalt,Uncoated,0.052,,0.052,,0.625,  5/8 ,1.625,0.677,,135,0,0
13,4,381,Twist Drills,Drill,#54 Twist Drill ,"Scrw Mach, Split point",Drill Chuck,2,Cobalt,Uncoated,0.055,,0.055,,0.625,  5/8 ,1.625,0.68,,135,0,0
13,4,382,Twist Drills,Drill,#53 Twist Drill ,"Scrw Mach, Split point",Drill Chuck,2,Cobalt,Uncoated,0.0595,,0.0595,,0.625,  5/8 ,1.625,0.6845,,135,0,0
13,4,383,Twist Drills,Drill,#52 Twist Drill ,"Scrw Mach, Split point",Drill Chuck,2,Cobalt,Uncoated,0.0635,,0.0635,,0.6875, 11/16,1.6875,0.751,,135,0,0
13,4,384,Twist Drills,Drill,#51 Twist Drill ,"Scrw Mach, Split point",Drill Chuck,2,Cobalt,Uncoated,0.067,,0.067,,0.6875, 11/16,1.6875,0.7545,,135,0,0
13,4,385,Twist Drills,Drill,#50 Twist Drill ,"Scrw Mach, Split point",Drill Chuck,2,Cobalt,Uncoated,0.07,,0.07,,0.6875, 11/16,1.6875,0.7575,,135,0,0
13,4,386,Twist Drills,Drill,#49 Twist Drill ,"Scrw Mach, Split point",Drill Chuck,2,Cobalt,Uncoated,0.073,,0.073,,0.6875, 11/16,1.6875,0.7605,,135,0,0
13,4,387,Twist Drills,Drill,#48 Twist Drill ,"Scrw Mach, Split point",Drill Chuck,2,Cobalt,Uncoated,0.076,,0.076,,0.6875, 11/16,1.6875,0.7635,,135,0,0
13,4,388,Twist Drills,Drill,#47 Twist Drill ,"Scrw Mach, Split point",Drill Chuck,2,Cobalt,Uncoated,0.0785,,0.0785,,0.75,  3/4 ,1.75,0.8285,,135,0,0
13,4,389,Twist Drills,Drill,#46 Twist Drill ,"Scrw Mach, Split point",Drill Chuck,2,Cobalt,Uncoated,0.081,,0.081,,0.75,  3/4 ,1.75,0.831,,135,0,0
13,4,390,Twist Drills,Drill,#45 Twist Drill ,"Scrw Mach, Split point",Drill Chuck,2,Cobalt,Uncoated,0.082,,0.082,,0.75,  3/4 ,1.75,0.832,,135,0,0
13,4,391,Twist Drills,Drill,#44 Twist Drill ,"Scrw Mach, Split point",Drill Chuck,2,Cobalt,Uncoated,0.086,,0.086,,0.75,  3/4 ,1.75,0.836,,135,0,0
13,4,392,Twist Drills,Drill,#43 Twist Drill ,"Scrw Mach, Split point",Drill Chuck,2,Cobalt,Uncoated,0.089,,0.089,,0.75,  3/4 ,1.75,0.839,,135,0,0
13,4,393,Twist Drills,Drill,#42 Twist Drill ,"Scrw Mach, Split point",Drill Chuck,2,Cobalt,Uncoated,0.0935,,0.0935,,0.75,  3/4 ,1.75,0.8435,,135,0,0
13,4,394,Twist Drills,Drill,#41 Twist Drill ,"Scrw Mach, Split point",Drill Chuck,2,Cobalt,Uncoated,0.096,,0.096,,0.8125, 13/16,1.8125,0.9085,,135,0,0
13,4,395,Twist Drills,Drill,#40 Twist Drill ,"Scrw Mach, Split point",Drill Chuck,2,Cobalt,Uncoated,0.098,,0.098,,0.8125, 13/16,1.8125,0.9105,,135,0,0
13,4,396,Twist Drills,Drill,#39 Twist Drill ,"Scrw Mach, Split point",Drill Chuck,2,Cobalt,Uncoated,0.0995,,0.0995,,0.8125, 13/16,1.8125,0.912,,135,0,0
13,4,397,Twist Drills,Drill,#38 Twist Drill ,"Scrw Mach, Split point",Drill Chuck,2,Cobalt,Uncoated,0.1015,,0.1015,,0.8125, 13/16,1.8125,0.914,,135,0,0
13,4,398,Twist Drills,Drill,#37 Twist Drill ,"Scrw Mach, Split point",Drill Chuck,2,Cobalt,Uncoated,0.104,,0.104,,0.8125, 13/16,1.8125,0.9165,,135,0,0
13,4,399,Twist Drills,Drill,#36 Twist Drill ,"Scrw Mach, Split point",Drill Chuck,2,Cobalt,Uncoated,0.1065,,0.1065,,0.8125, 13/16,1.8125,0.919,,135,0,0
13,4,400,Twist Drills,Drill,#35 Twist Drill ,"Scrw Mach, Split point",Drill Chuck,2,Cobalt,Uncoated,0.11,,0.11,,0.875,  7/8 ,1.875,0.985,,135,0,0
13,4,401,Twist Drills,Drill,#34 Twist Drill ,"Scrw Mach, Split point",Drill Chuck,2,Cobalt,Uncoated,0.111,,0.111,,0.875,  7/8 ,1.875,0.986,,135,0,0
13,4,402,Twist Drills,Drill,#33 Twist Drill ,"Scrw Mach, Split point",Drill Chuck,2,Cobalt,Uncoated,0.113,,0.113,,0.875,  7/8 ,1.875,0.988,,135,0,0
13,4,403,Twist Drills,Drill,#32 Twist Drill ,"Scrw Mach, Split point",Drill Chuck,2,Cobalt,Uncoated,0.116,,0.116,,0.875,  7/8 ,1.875,0.991,,135,0,0
13,4,404,Twist Drills,Drill,#31 Twist Drill ,"Scrw Mach, Split point",Drill Chuck,2,Cobalt,Uncoated,0.12,,0.12,,0.875,  7/8 ,1.875,0.995,,135,0,0
13,4,405,Twist Drills,Drill,#30 Twist Drill ,"Scrw Mach, Split point",Drill Chuck,2,Cobalt,Uncoated,0.1285,,0.1285,,0.9375, 15/16,1.9375,1.066,,135,0,0
13,4,406,Twist Drills,Drill,#29 Twist Drill ,"Scrw Mach, Split point",Drill Chuck,2,Cobalt,Uncoated,0.136,,0.136,,0.9375, 15/16,1.9375,1.0735,,135,0,0
13,4,407,Twist Drills,Drill,#28 Twist Drill ,"Scrw Mach, Split point",Drill Chuck,2,Cobalt,Uncoated,0.1405,,0.1405,,0.9375, 15/16,1.9375,1.078,,135,0,0
13,4,408,Twist Drills,Drill,#27 Twist Drill ,"Scrw Mach, Split point",Drill Chuck,2,Cobalt,Uncoated,0.144,,0.144,,1.,1      ,2.0625,1.144,,135,0,0
13,4,409,Twist Drills,Drill,#26 Twist Drill ,"Scrw Mach, Split point",Drill Chuck,2,Cobalt,Uncoated,0.147,,0.147,,1.,1      ,2.0625,1.147,,135,0,0
13,4,410,Twist Drills,Drill,#25 Twist Drill ,"Scrw Mach, Split point",Drill Chuck,2,Cobalt,Uncoated,0.1495,,0.1495,,1.,1      ,2.0625,1.1495,,135,0,0
13,4,411,Twist Drills,Drill,#24 Twist Drill ,"Scrw Mach, Split point",Drill Chuck,2,Cobalt,Uncoated,0.152,,0.152,,1.,1      ,2.0625,1.152,,135,0,0
13,4,412,Twist Drills,Drill,#23 Twist Drill ,"Scrw Mach, Split point",Drill Chuck,2,Cobalt,Uncoated,0.154,,0.154,,1.,1      ,2.0625,1.154,,135,0,0
13,4,413,Twist Drills,Drill,#22 Twist Drill ,"Scrw Mach, Split point",Drill Chuck,2,Cobalt,Uncoated,0.157,,0.157,,1.0625,1  1/16,2.125,1.2195,,135,0,0
13,4,414,Twist Drills,Drill,#21 Twist Drill ,"Scrw Mach, Split point",Drill Chuck,2,Cobalt,Uncoated,0.159,,0.159,,1.0625,1  1/16,2.125,1.2215,,135,0,0
13,4,415,Twist Drills,Drill,#20 Twist Drill ,"Scrw Mach, Split point",Drill Chuck,2,Cobalt,Uncoated,0.161,,0.161,,1.0625,1  1/16,2.125,1.2235,,135,0,0
13,4,416,Twist Drills,Drill,#19 Twist Drill ,"Scrw Mach, Split point",Drill Chuck,2,Cobalt,Uncoated,0.166,,0.166,,1.0625,1  1/16,2.125,1.2285,,135,0,0
13,4,417,Twist Drills,Drill,#18 Twist Drill ,"Scrw Mach, Split point",Drill Chuck,2,Cobalt,Uncoated,0.1695,,0.1695,,1.0625,1  1/16,2.125,1.232,,135,0,0
13,4,418,Twist Drills,Drill,#17 Twist Drill ,"Scrw Mach, Split point",Drill Chuck,2,Cobalt,Uncoated,0.173,,0.173,,1.125,1  1/8 ,2.1875,1.298,,135,0,0
13,4,419,Twist Drills,Drill,#16 Twist Drill ,"Scrw Mach, Split point",Drill Chuck,2,Cobalt,Uncoated,0.177,,0.177,,1.125,1  1/8 ,2.1875,1.302,,135,0,0
13,4,420,Twist Drills,Drill,#15 Twist Drill ,"Scrw Mach, Split point",Drill Chuck,2,Cobalt,Uncoated,0.18,,0.18,,1.125,1  1/8 ,2.1875,1.305,,135,0,0
13,4,421,Twist Drills,Drill,#14 Twist Drill ,"Scrw Mach, Split point",Drill Chuck,2,Cobalt,Uncoated,0.182,,0.182,,1.125,1  1/8 ,2.1875,1.307,,135,0,0
13,4,422,Twist Drills,Drill,#13 Twist Drill ,"Scrw Mach, Split point",Drill Chuck,2,Cobalt,Uncoated,0.185,,0.185,,1.125,1  1/8 ,2.1875,1.31,,135,0,0
13,4,423,Twist Drills,Drill,#12 Twist Drill ,"Scrw Mach, Split point",Drill Chuck,2,Cobalt,Uncoated,0.189,,0.189,,1.1875,1  3/16,2.25,1.3765,,135,0,0
13,4,424,Twist Drills,Drill,#11 Twist Drill ,"Scrw Mach, Split point",Drill Chuck,2,Cobalt,Uncoated,0.191,,0.191,,1.1875,1  3/16,2.25,1.3785,,135,0,0
13,4,425,Twist Drills,Drill,#10 Twist Drill ,"Scrw Mach, Split point",Drill Chuck,2,Cobalt,Uncoated,0.1935,,0.1935,,1.1875,1  3/16,2.25,1.381,,135,0,0
13,4,426,Twist Drills,Drill,#9 Twist Drill ,"Scrw Mach, Split point",Drill Chuck,2,Cobalt,Uncoated,0.196,,0.196,,1.1875,1  3/16,2.25,1.3835,,135,0,0
13,4,427,Twist Drills,Drill,#8 Twist Drill ,"Scrw Mach, Split point",Drill Chuck,2,Cobalt,Uncoated,0.199,,0.199,,1.1875,1  3/16,2.25,1.3865,,135,0,0
13,4,428,Twist Drills,Drill,#7 Twist Drill ,"Scrw Mach, Split point",Drill Chuck,2,Cobalt,Uncoated,0.201,,0.201,,1.1875,1  3/16,2.25,1.3885,,135,0,0
13,4,429,Twist Drills,Drill,#6 Twist Drill ,"Scrw Mach, Split point",Drill Chuck,2,Cobalt,Uncoated,0.204,,0.204,,1.25,1  1/4 ,2.375,1.454,,135,0,0
13,4,430,Twist Drills,Drill,#5 Twist Drill ,"Scrw Mach, Split point",Drill Chuck,2,Cobalt,Uncoated,0.2055,,0.2055,,1.25,1  1/4 ,2.375,1.4555,,135,0,0
13,4,431,Twist Drills,Drill,#4 Twist Drill ,"Scrw Mach, Split point",Drill Chuck,2,Cobalt,Uncoated,0.209,,0.209,,1.25,1  1/4 ,2.375,1.459,,135,0,0
13,4,432,Twist Drills,Drill,#3 Twist Drill ,"Scrw Mach, Split point",Drill Chuck,2,Cobalt,Uncoated,0.213,,0.213,,1.25,1  1/4 ,2.375,1.463,,135,0,0
13,4,433,Twist Drills,Drill,#2 Twist Drill ,"Scrw Mach, Split point",Drill Chuck,2,Cobalt,Uncoated,0.221,,0.221,,1.3125,1  5/16,2.4375,1.5335,,135,0,0
13,4,434,Twist Drills,Drill,#1 Twist Drill ,"Scrw Mach, Split point",Drill Chuck,2,Cobalt,Uncoated,0.228,,0.228,,1.3125,1  5/16,2.4375,1.5405,,135,0,0
14,14,435,,N/A,Future,,None,,,,,0      ,,,,0      ,,0.,,,,
14,14,436,,N/A,Future,,None,,,,,0      ,,,,0      ,,0.,,,,